----------------------------------------------------------------------------------------------------
------------------------------------ MegaLinter, by OX Security ------------------------------------
----------------------------------------------------------------------------------------------------
 - Image Creation Date: 2025-06-15T16:20:55Z
 - Image Revision: e08c2b05e3dbc40af4c23f41172ef1e068a7d651
 - Image Version: v8.8.0
----------------------------------------------------------------------------------------------------
The MegaLinter documentation can be found at:
 - https://megalinter.io/8.8.0
----------------------------------------------------------------------------------------------------
::group::MegaLinter initialization (expand for details)
MegaLinter will analyze workspace [/github/workspace]
GITHUB_REPOSITORY: Create-Node-App/nextjs-saas-ai-template
GITHUB_REF: refs/pull/32/merge
GITHUB_RUN_ID: 34417857329


[Activation] ANSIBLE_ANSIBLE_LINT has been set inactive, as none of these files has been found: ['.ansible-lint', '.ansible-lint.yml', '.ansible-lint.yaml', '.config/ansible-lint.yml', '.config/ansible-lint.yaml']
[Activation] JAVASCRIPT_ES has been set inactive, as none of these files has been found: ['.eslintrc.json', '.eslintrc.yml', '.eslintrc.yaml', '.eslintrc.js', '.eslintrc.cjs', 'package.json:eslintConfig']
[Activation] KUBERNETES_KUBECONFORM has been set inactive, as subdirectory has not been found: kubernetes (set value "any" to always activate)
[Activation] KUBERNETES_HELM has been set inactive, as none of these files has been found: ['Chart.yml', 'Chart.yaml']
[Activation] KUBERNETES_KUBESCAPE has been set inactive, as none of these files has been found: ['Chart.yml', 'Chart.yaml']
[Activation] REPOSITORY_LS_LINT has been set inactive, as none of these files has been found: ['.ls-lint.yml']
[SemgrepLinter] Deactivated because no ruleset has been defined
[Activation] SALESFORCE_SFDX_SCANNER_APEX has been set inactive, as subdirectory has not been found: force-app (set value "any" to always activate)
[Activation] SALESFORCE_SFDX_SCANNER_AURA has been set inactive, as subdirectory has not been found: force-app (set value "any" to always activate)
[Activation] SALESFORCE_SFDX_SCANNER_LWC has been set inactive, as subdirectory has not been found: force-app (set value "any" to always activate)
[Activation] SALESFORCE_LIGHTNING_FLOW_SCANNER has been set inactive, as subdirectory has not been found: force-app (set value "any" to always activate)
[Activation] SPELL_PROSELINT has been set inactive, as none of these files has been found: ['.proselintrc', 'proselint/config.json']
[Activation] SPELL_VALE has been set inactive, as none of these files has been found: ['.vale.ini']
[Activation] SQL_SQLFLUFF has been set inactive, as none of these files has been found: ['.sqlfluff']
[Activation] SWIFT_SWIFTLINT has been set inactive, as none of these files has been found: ['.swiftlint.yml']
[Activation] TSX_ESLINT has been set inactive, as none of these files has been found: ['.eslintrc.json', '.eslintrc.yml', '.eslintrc.yaml', '.eslintrc.js', '.eslintrc.cjs', 'package.json:eslintConfig']
[Activation] TYPESCRIPT_ES has been set inactive, as none of these files has been found: ['.eslintrc.json', '.eslintrc.yml', '.eslintrc.yaml', '.eslintrc.js', '.eslintrc.cjs', 'package.json:eslintConfig']
JSON_ESLINT_PLUGIN_JSONC has been disabled in MegaLinter for the following reason: Bug in eslint-plugin-jsonc: https://github.com/ota-meshi/eslint-plugin-jsonc/issues/328
MAKEFILE_CHECKMAKE has been disabled in MegaLinter for the following reason: Security issues: https://github.com/mrtazz/checkmake/issues/99
MARKDOWN_REMARK_LINT has been disabled in MegaLinter for the following reason: Bug in remark-lint: https://github.com/remarkjs/remark-lint/issues/322
Skipped linters: ANSIBLE_ANSIBLE_LINT, JAVASCRIPT_ES, JAVASCRIPT_PRETTIER, JSON_ESLINT_PLUGIN_JSONC, KUBERNETES_HELM, KUBERNETES_KUBECONFORM, KUBERNETES_KUBESCAPE, MAKEFILE_CHECKMAKE, MARKDOWN_REMARK_LINT, PYTHON_RUFF_FORMAT, REPOSITORY_LS_LINT, REPOSITORY_SEMGREP, SALESFORCE_LIGHTNING_FLOW_SCANNER, SALESFORCE_SFDX_SCANNER_APEX, SALESFORCE_SFDX_SCANNER_AURA, SALESFORCE_SFDX_SCANNER_LWC, SPELL_PROSELINT, SPELL_VALE, SQL_SQLFLUFF, SWIFT_SWIFTLINT, TSX_ESLINT, TYPESCRIPT_ES, TYPESCRIPT_PRETTIER
[ApiReporter] Not enabled as API_REPORTER is not defined to true
To receive reports as email, please set variable EMAIL_REPORTER_EMAIL
::endgroup::
::group::MegaLinter now collects the files to analyse (expand for details)
Listing updated files in [/github/workspace] using git diff.
Modified files:
.editorconfig
.markdown-link-check.json
README.md
cspell.json
lychee.toml
package.json
- File extensions: , *, .R, .RMD, .Rmd, .bash, .bicep, .c, .c++, .cc, .cdxml, .clj, .cljc, .cljs, .coffee, .config, .cpp, .cs, .csproj, .css, .cu, .cuh, .cxx, .dart, .dash, .edn, .env, .feature, .go, .gradle, .graphql, .groovy, .gvy, .h, .h++, .hcl, .hh, .hpp, .htm, .html, .hxx, .java, .js, .json, .json5, .jsonc, .jsx, .ksh, .kt, .kts, .lua, .markdown, .md, .mdx, .nf, .p6, .php, .pl, .pl6, .pm, .pm6, .pp, .props, .proto, .ps1, .ps1xml, .psd1, .psm1, .psrc, .pssc, .py, .r, .raku, .rakumod, .rakutest, .rb, .rs, .rst, .saas, .scala, .scss, .sh, .smk, .sql, .t, .targets, .tex, .tf, .ts, .txt, .vb, .xml, .xsd, .yaml, .yml
- File names (regex): Containerfile, Dockerfile, Jenkinsfile, Snakefile, package\.json
- Excluding regex: (\.git/|node_modules/|\.next/|dist/|build/|coverage/|pnpm-lock\.yaml)
- Excluding .gitignored files [0]: 
Kept [6] files on [6] found files

+----MATCHING LINTERS---------------------+------------------------------------------------------------------------+----------------+------------+
| Descriptor   | Linter                   | Criteria                                                               | Matching files | Format/Fix |
+--------------+--------------------------+------------------------------------------------------------------------+----------------+------------+
| COPYPASTE    | jscpd                    |                                                                        | project        | yes        |
| EDITORCONFIG | editorconfig-checker     | *                                                                      | 6              | yes        |
| JSON         | jsonlint                 | .json                                                                  | 3              | yes        |
| JSON         | v8r                      | .json                                                                  | 3              | yes        |
| JSON         | prettier                 | .json                                                                  | 3              | yes        |
| JSON         | npm-package-json-lint    | .json|package\.json                                                    | project        | yes        |
| MARKDOWN     | markdownlint             | .md                                                                    | 1              | yes        |
| MARKDOWN     | markdown-link-check      | .md                                                                    | 1              | yes        |
| MARKDOWN     | markdown-table-formatter | .md                                                                    | 1              | yes        |
| REPOSITORY   | checkov                  |                                                                        | project        | yes        |
| REPOSITORY   | git_diff                 |                                                                        | project        | yes        |
| REPOSITORY   | gitleaks                 |                                                                        | project        | yes        |
| REPOSITORY   | grype                    |                                                                        | project        | yes        |
| REPOSITORY   | secretlint               |                                                                        | project        | yes        |
| REPOSITORY   | syft                     |                                                                        | project        | yes        |
| REPOSITORY   | trivy                    |                                                                        | project        | yes        |
| REPOSITORY   | trivy-sbom               |                                                                        | project        | yes        |
| REPOSITORY   | trufflehog               |                                                                        | project        | yes        |
| SPELL        | cspell                   |                                                                        | 6              | yes        |
| SPELL        | lychee                   | .md|.mdx|.markdown|.html|.htm|.rst|.txt|.json|.jsonc|.json5|.yaml|.yml | 4              | yes        |
+--------------+--------------------------+------------------------------------------------------------------------+----------------+------------+
::endgroup::
Processing linters on [4] parallel cores… (can be decreased with variable PARALLEL_PROCESS_NUMBER in case of performance issues)
::group::[32m✅ Linted [EDITORCONFIG] files with [editorconfig-checker] successfully - (0.29s)[0m (expand for details)
- Using [editorconfig-checker v3.3.0] https://megalinter.io/8.8.0/descriptors/editorconfig_editorconfig_checker
- MegaLinter key: [EDITORCONFIG_EDITORCONFIG_CHECKER]
- Rules config: identified by [editorconfig-checker]
- Number of files analyzed: [6]
- Command: [editorconfig-checker .editorconfig .markdown-link-check.json README.md cspell.json lychee.toml package.json]
::endgroup::
::group::[32m✅ Linted [JSON] files with [jsonlint] successfully - (0.19s)[0m (expand for details)
- Using [jsonlint v16.0.0] https://megalinter.io/8.8.0/descriptors/json_jsonlint
- MegaLinter key: [JSON_JSONLINT]
- Rules config: identified by [jsonlint]
- Number of files analyzed: [3]
- Command: [jsonlint --quiet .markdown-link-check.json cspell.json package.json]
::endgroup::
::group::[33m⚠️ Linted [MARKDOWN] files with [markdownlint]: Found 2 non blocking error(s) and 0 non blocking warning(s) - (0.84s)[0m (expand for details)
- Using [markdownlint v0.45.0] https://megalinter.io/8.8.0/descriptors/markdown_markdownlint
- MegaLinter key: [MARKDOWN_MARKDOWNLINT]
- Rules config: [/github/workspace/.markdownlint.json]
- Number of files analyzed: [1]
- Command: [markdownlint --fix -c /github/workspace/.markdownlint.json README.md]
--Error detail:
README.md:163 MD040/fenced-code-language Fenced code blocks should have a language specified [Context: "```"]
README.md:233:3 MD045/no-alt-text Images should have alternate text (alt text)

::endgroup::
::group::[32m✅ Linted [SPELL] files with [cspell] successfully - (3.44s)[0m (expand for details)
- Using [cspell v9.1.1] https://megalinter.io/8.8.0/descriptors/spell_cspell
- MegaLinter key: [SPELL_CSPELL]
- Rules config: [/github/workspace/cspell.json]
- Number of files analyzed: [7]
- Command: [cspell --show-context --show-suggestions --no-must-find-files -c /github/workspace/cspell.json .editorconfig .markdown-link-check.json README.md cspell.json lychee.toml package.json /github/workspace/bf4f698f-d712-4522-80a0-b6f4d56b5239-megalinter_fi...(truncated)]
::endgroup::
::group::[32m✅ Linted [MARKDOWN] files with [markdown-link-check] successfully - (2.86s)[0m (expand for details)
- Using [markdown-link-check v3.12.2] https://megalinter.io/8.8.0/descriptors/markdown_markdown_link_check
- MegaLinter key: [MARKDOWN_MARKDOWN_LINK_CHECK]
- Rules config: [/github/workspace/.markdown-link-check.json]
- Number of files analyzed: [1]
- Command: [markdown-link-check --quiet -c /github/workspace/.markdown-link-check.json README.md]
::endgroup::
::group::[32m✅ Linted [SPELL] files with [lychee] successfully - (0.7s)[0m (expand for details)
- Using [lychee v0.18.0] https://megalinter.io/8.8.0/descriptors/spell_lychee
- MegaLinter key: [SPELL_LYCHEE]
- Rules config: [/github/workspace/lychee.toml]
- Number of files analyzed: [4]
- Command: [lychee --format detailed --no-progress --config /github/workspace/lychee.toml .markdown-link-check.json README.md cspell.json package.json]
::endgroup::
::group::[32m✅ Linted [MARKDOWN] files with [markdown-table-formatter] successfully - (0.5s)[0m (expand for details)
- Using [markdown-table-formatter v1.6.1] https://megalinter.io/8.8.0/descriptors/markdown_markdown_table_formatter
- MegaLinter key: [MARKDOWN_MARKDOWN_TABLE_FORMATTER]
- Rules config: identified by [markdown-table-formatter]
- Number of files analyzed: [1]
- Command: [markdown-table-formatter README.md]
::endgroup::
::group::[32m✅ Linted [JSON] files with [v8r] successfully - (8.65s)[0m (expand for details)
- Using [v8r v5.0.0] https://megalinter.io/8.8.0/descriptors/json_v8r
- MegaLinter key: [JSON_V8R]
- Rules config: identified by [v8r]
- Number of files analyzed: [3]
- Command: [v8r --ignore-errors .markdown-link-check.json cspell.json package.json]
::endgroup::
::group::[32m✅ Linted [JSON] files with [prettier] successfully - (0.36s)[0m (expand for details)
- Using [prettier v3.5.3] https://megalinter.io/8.8.0/descriptors/json_prettier
- MegaLinter key: [JSON_PRETTIER]
- Rules config: identified by [prettier]
- Number of files analyzed: [3]
- Command: [prettier --write .markdown-link-check.json cspell.json package.json]
::endgroup::
::group::[32m✅ Linted [JSON] files with [npm-package-json-lint] successfully - (0.4s)[0m (expand for details)
- Using [npm-package-json-lint v8.0.0] https://megalinter.io/8.8.0/descriptors/json_npm_package_json_lint
- MegaLinter key: [JSON_NPM_PACKAGE_JSON_LINT]
- Rules config: [.npmpackagejsonlintrc.json]
- Command: [npmPkgJsonLint --quiet --configFile /action/lib/.automation/.npmpackagejsonlintrc.json .]
::endgroup::
::group::[32m✅ Linted [COPYPASTE] files with [jscpd] successfully - (11.77s)[0m (expand for details)
- Using [jscpd v4.0.5] https://megalinter.io/8.8.0/descriptors/copypaste_jscpd
- MegaLinter key: [COPYPASTE_JSCPD]
- Rules config: [.jscpd.json]
- Command: [jscpd --gitignore --reporters console,html --output /github/workspace/megalinter-reports/copy-paste/ --min-lines 20 --min-tokens 150 --threshold 5 -c /action/lib/.automation/.jscpd.json .]
::endgroup::
::group::[32m✅ Linted [REPOSITORY] files with [checkov] successfully - (19.21s)[0m (expand for details)
- Using [checkov v3.2.413] https://megalinter.io/8.8.0/descriptors/repository_checkov
- MegaLinter key: [REPOSITORY_CHECKOV]
- Rules config: [.checkov.yml]
- Command: [checkov --directory . --config-file /action/lib/.automation/.checkov.yml]
::endgroup::
::group::[32m✅ Linted [REPOSITORY] files with [git_diff] successfully - (0.02s)[0m (expand for details)
- Using [git_diff v2.47.2] https://megalinter.io/8.8.0/descriptors/repository_git_diff
- MegaLinter key: [REPOSITORY_GIT_DIFF]
- Rules config: identified by [git_diff]
- Command: [git diff --check]
::endgroup::
::group::[32m✅ Linted [REPOSITORY] files with [gitleaks] successfully - (0.87s)[0m (expand for details)
- Using [gitleaks v8.27.2] https://megalinter.io/8.8.0/descriptors/repository_gitleaks
- MegaLinter key: [REPOSITORY_GITLEAKS]
- Rules config: [.gitleaks.toml]
- Command: [gitleaks detect --redact -c /action/lib/.automation/.gitleaks.toml --verbose --source .]
::endgroup::
Unable to get number of errors with regex_count and (Low|Medium|High|Critical)
::group::[33m⚠️ Linted [REPOSITORY] files with [grype]: Found 1 non blocking error(s) and 0 non blocking warning(s) - (17.44s)[0m (expand for details)
- Using [grype v0.94.0] https://megalinter.io/8.8.0/descriptors/repository_grype
- MegaLinter key: [REPOSITORY_GRYPE]
- Rules config: [/github/workspace/.grype.yaml]
- Command: [grype --config /github/workspace/.grype.yaml dir:.]
--Error detail:
[0000]  WARN no explicit name and version provided for directory source, deriving artifact ID from the given path (which is not ideal)
[0017]  WARN Failed to activate downloaded database from /github/home/.cache/grype/db/grype-db-download3971624094, attempting cleanup of temporary download directory.
[0017]  WARN error updating db error=unable to activate new vulnerability database: failed to hydrate database: failed to open db: unable to migrate: constraint failed: UNIQUE constraint failed: operating_systems.name, operating_systems.release_id, operating_systems.major_version, operating_systems.minor_version, operating_systems.label_version (2067)
[0017] ERROR [31mfailed to load vulnerability db: database does not exist[0m

::endgroup::
::group::[32m✅ Linted [REPOSITORY] files with [secretlint] successfully - (1.46s)[0m (expand for details)
- Using [secretlint v10.1.0] https://megalinter.io/8.8.0/descriptors/repository_secretlint
- MegaLinter key: [REPOSITORY_SECRETLINT]
- Rules config: [.secretlintrc.json]
- Command: [secretlint --secretlintrc /action/lib/.automation/.secretlintrc.json --secretlintignore .gitignore **/*]
::endgroup::
::group::[32m✅ Linted [REPOSITORY] files with [syft] successfully - (4.84s)[0m (expand for details)
- Using [syft v1.27.1] https://megalinter.io/8.8.0/descriptors/repository_syft
- MegaLinter key: [REPOSITORY_SYFT]
- Rules config: identified by [syft]
- Command: [syft scan .]
::endgroup::
::group::[33m⚠️ Linted [REPOSITORY] files with [trivy]: Found 1 non blocking error(s) and 0 non blocking warning(s) - (7.69s)[0m (expand for details)
- Using [trivy v0.63.0] https://megalinter.io/8.8.0/descriptors/repository_trivy
- MegaLinter key: [REPOSITORY_TRIVY]
- Rules config: identified by [trivy]
- Command: [trivy fs --scanners vuln,misconfig --exit-code 1 .]
--Error detail:
2026-09-09T23:40:43Z	WARN	[vulndb] Trivy DB may be corrupted and will be re-downloaded. If you manually downloaded DB - use the `--skip-db-update` flag to skip updating DB.
2026-09-09T23:40:43Z	INFO	[vulndb] Need to update DB
2026-09-09T23:40:43Z	INFO	[vulndb] Downloading vulnerability DB...
2026-09-09T23:40:43Z	INFO	[vulndb] Downloading artifact...	repo="mirror.gcr.io/aquasec/trivy-db:2"
45.08 MiB / 112.28 MiB [------------------------>___________________________________] 40.15% ? p/s ?104.67 MiB / 112.28 MiB [------------------------------------------------------->___] 93.23% ? p/s ?112.28 MiB / 112.28 MiB [--------------------------------------------------------->] 100.00% ? p/s ?112.28 MiB / 112.28 MiB [------------------------------------------->] 100.00% 111.87 MiB p/s ETA 0s112.28 MiB / 112.28 MiB [------------------------------------------->] 100.00% 111.87 MiB p/s ETA 0s112.28 MiB / 112.28 MiB [------------------------------------------->] 100.00% 111.87 MiB p/s ETA 0s112.28 MiB / 112.28 MiB [------------------------------------------->] 100.00% 104.66 MiB p/s ETA 0s112.28 MiB / 112.28 MiB [------------------------------------------->] 100.00% 104.66 MiB p/s ETA 0s112.28 MiB / 112.28 MiB [------------------------------------------->] 100.00% 104.66 MiB p/s ETA 0s112.28 MiB / 112.28 MiB [-------------------------------------------->] 100.00% 97.91 MiB p/s ETA 0s112.28 MiB / 112.28 MiB [-------------------------------------------->] 100.00% 97.91 MiB p/s ETA 0s112.28 MiB / 112.28 MiB [-------------------------------------------->] 100.00% 97.91 MiB p/s ETA 0s112.28 MiB / 112.28 MiB [-------------------------------------------->] 100.00% 91.59 MiB p/s ETA 0s112.28 MiB / 112.28 MiB [-------------------------------------------->] 100.00% 91.59 MiB p/s ETA 0s112.28 MiB / 112.28 MiB [-------------------------------------------->] 100.00% 91.59 MiB p/s ETA 0s112.28 MiB / 112.28 MiB [-------------------------------------------->] 100.00% 85.68 MiB p/s ETA 0s112.28 MiB / 112.28 MiB [-------------------------------------------->] 100.00% 85.68 MiB p/s ETA 0s112.28 MiB / 112.28 MiB [-----------------------------------------------] 100.00% 34.29 MiB p/s 3.5s2026-09-09T23:40:48Z	INFO	[vulndb] Artifact successfully downloaded	repo="mirror.gcr.io/aquasec/trivy-db:2"
2026-09-09T23:40:48Z	INFO	[vuln] Vulnerability scanning is enabled
2026-09-09T23:40:48Z	INFO	[misconfig] Misconfiguration scanning is enabled
2026-09-09T23:40:48Z	INFO	[misconfig] Need to update the checks bundle
2026-09-09T23:40:48Z	INFO	[misconfig] Downloading the checks bundle...
165.46 KiB / 165.46 KiB [---------------------------------------------------------] 100.00% ? p/s 0s2026-09-09T23:40:49Z	INFO	[npm] To collect the license information of packages, "npm install" needs to be performed beforehand	dir="tools/danger/node_modules"
2026-09-09T23:40:50Z	INFO	[pnpm] To collect the license information of packages, "pnpm install" needs to be performed beforehand	dir="node_modules"
2026-09-09T23:40:50Z	INFO	Suppressing dependencies for development and testing. To display them, try the '--include-dev-deps' flag.
2026-09-09T23:40:50Z	INFO	Number of language-specific files	num=2
2026-09-09T23:40:50Z	INFO	[pnpm] Detecting vulnerabilities...
2026-09-09T23:40:50Z	INFO	Detected config files	num=1

Report Summary

┌──────────────────────────┬────────────┬─────────────────┬───────────────────┐
│          Target          │    Type    │ Vulnerabilities │ Misconfigurations │
├──────────────────────────┼────────────┼─────────────────┼───────────────────┤
│ pnpm-lock.yaml           │    pnpm    │       113       │         -         │
├──────────────────────────┼────────────┼─────────────────┼───────────────────┤
│ .devcontainer/Dockerfile │ dockerfile │        -        │         0         │
└──────────────────────────┴────────────┴─────────────────┴───────────────────┘
Legend:
- '-': Not scanned
- '0': Clean (no security findings detected)


For OSS Maintainers: VEX Notice
--------------------------------
If you're an OSS maintainer and Trivy has detected vulnerabilities in your project that you believe are not actually exploitable, consider issuing a VEX (Vulnerability Exploitability eXchange) statement.
VEX allows you to communicate the actual status of vulnerabilities in your project, improving security transparency and reducing false positives for your users.
Learn more and start using VEX: https://trivy.dev/v0.63/docs/supply-chain/vex/repo#publishing-vex-documents

To disable this notice, set the TRIVY_DISABLE_VEX_NOTICE environment variable.


pnpm-lock.yaml (pnpm)
=====================
Total: 113 (UNKNOWN: 0, LOW: 14, MEDIUM: 53, HIGH: 39, CRITICAL: 7)

┌──────────────────────────┬─────────────────────┬──────────┬──────────┬───────────────────┬──────────────────────────────┬──────────────────────────────────────────────────────────────┐
│         Library          │    Vulnerability    │ Severity │  Status  │ Installed Version │        Fixed Version         │                            Title                             │
├──────────────────────────┼─────────────────────┼──────────┼──────────┼───────────────────┼──────────────────────────────┼──────────────────────────────────────────────────────────────┤
│ @ai-sdk/provider-utils   │ CVE-2026-8769       │ LOW      │ fixed    │ 4.0.8             │ 3.0.28, 4.0.33, 5.0.1        │ @ai-sdk/provider-utils has an Uncontrolled Resource          │
│                          │                     │          │          │                   │                              │ Consumption issue                                            │
│                          │                     │          │          │                   │                              │ https://avd.aquasec.com/nvd/cve-2026-8769                    │
├──────────────────────────┼─────────────────────┼──────────┤          ├───────────────────┼──────────────────────────────┼──────────────────────────────────────────────────────────────┤
│ @auth/core               │ CVE-2026-73420      │ CRITICAL │          │ 0.41.0            │ 0.41.3                       │ Auth.js: Email normalizer validates the address before       │
│                          │                     │          │          │                   │                              │ Unicode normalization, allowing a homoglyph...               │
│                          │                     │          │          │                   │                              │ https://avd.aquasec.com/nvd/cve-2026-73420                   │
│                          ├─────────────────────┼──────────┤          │                   │                              ├──────────────────────────────────────────────────────────────┤
│                          │ CVE-2026-73418      │ HIGH     │          │                   │                              │ Auth.js: getToken() throws an uncaught exception on          │
│                          │                     │          │          │                   │                              │ malformed Bearer authorization headers                       │
│                          │                     │          │          │                   │                              │ https://avd.aquasec.com/nvd/cve-2026-73418                   │
│                          ├─────────────────────┼──────────┤          │                   │                              ├──────────────────────────────────────────────────────────────┤
│                          │ CVE-2026-73419      │ MEDIUM   │          │                   │                              │ Auth.js: OAuth state, nonce, and PKCE check cookies are not  │
│                          │                     │          │          │                   │                              │ bound to...                                                  │
│                          │                     │          │          │                   │                              │ https://avd.aquasec.com/nvd/cve-2026-73419                   │
│                          ├─────────────────────┼──────────┤          ├───────────────────┤                              ├──────────────────────────────────────────────────────────────┤
│                          │ CVE-2026-73420      │ CRITICAL │          │ 0.41.1            │                              │ Auth.js: Email normalizer validates the address before       │
│                          │                     │          │          │                   │                              │ Unicode normalization, allowing a homoglyph...               │
│                          │                     │          │          │                   │                              │ https://avd.aquasec.com/nvd/cve-2026-73420                   │
│                          ├─────────────────────┼──────────┤          │                   │                              ├──────────────────────────────────────────────────────────────┤
│                          │ CVE-2026-73418      │ HIGH     │          │                   │                              │ Auth.js: getToken() throws an uncaught exception on          │
│                          │                     │          │          │                   │                              │ malformed Bearer authorization headers                       │
│                          │                     │          │          │                   │                              │ https://avd.aquasec.com/nvd/cve-2026-73418                   │
│                          ├─────────────────────┼──────────┤          │                   │                              ├──────────────────────────────────────────────────────────────┤
│                          │ CVE-2026-73419      │ MEDIUM   │          │                   │                              │ Auth.js: OAuth state, nonce, and PKCE check cookies are not  │
│                          │                     │          │          │                   │                              │ bound to...                                                  │
│                          │                     │          │          │                   │                              │ https://avd.aquasec.com/nvd/cve-2026-73419                   │
├──────────────────────────┼─────────────────────┼──────────┤          ├───────────────────┼──────────────────────────────┼──────────────────────────────────────────────────────────────┤
│ @babel/core              │ CVE-2026-49356      │ LOW      │          │ 7.29.0            │ 8.0.0-rc.6, 7.29.6           │ @babel/core: @babel/core: Arbitrary file read via            │
│                          │                     │          │          │                   │                              │ sourceMappingURL comment                                     │
│                          │                     │          │          │                   │                              │ https://avd.aquasec.com/nvd/cve-2026-49356                   │
├──────────────────────────┼─────────────────────┼──────────┤          ├───────────────────┼──────────────────────────────┼──────────────────────────────────────────────────────────────┤
│ @tiptap/core             │ GHSA-j95f-988m-3j2f │ HIGH     │          │ 3.19.0            │ 3.30.5                       │ Tiptap: Quadratic ReDoS in block and inline Markdown         │
│                          │                     │          │          │                   │                              │ attribute parsing                                            │
│                          │                     │          │          │                   │                              │ https://github.com/advisories/GHSA-j95f-988m-3j2f            │
│                          ├─────────────────────┼──────────┤          │                   ├──────────────────────────────┼──────────────────────────────────────────────────────────────┤
│                          │ GHSA-cp6q-959q-f8rh │ MEDIUM   │          │                   │ 3.30.4                       │ Tiptap: mergeAttributes() turns an own __proto__ key into    │
│                          │                     │          │          │                   │                              │ inherited executable DOM attributes...                       │
│                          │                     │          │          │                   │                              │ https://github.com/advisories/GHSA-cp6q-959q-f8rh            │
├──────────────────────────┼─────────────────────┤          │          ├───────────────────┼──────────────────────────────┼──────────────────────────────────────────────────────────────┤
│ baseline-browser-mapping │ CVE-2026-45819      │          │          │ 2.10.20           │ 2.11.0                       │ baseline-browser-mapping: baseline-browser-mapping: Denial   │
│                          │                     │          │          │                   │                              │ of Service via improper input handling                       │
│                          │                     │          │          │                   │                              │ https://avd.aquasec.com/nvd/cve-2026-45819                   │
│                          │                     │          │          ├───────────────────┤                              │                                                              │
│                          │                     │          │          │ 2.9.15            │                              │                                                              │
│                          │                     │          │          │                   │                              │                                                              │
│                          │                     │          │          │                   │                              │                                                              │
├──────────────────────────┼─────────────────────┼──────────┤          ├───────────────────┼──────────────────────────────┼──────────────────────────────────────────────────────────────┤
│ browserslist             │ CVE-2026-73088      │ HIGH     │          │ 4.28.1            │ 4.28.7                       │ browserslist: Browserslist: Prototype pollution leading to   │
│                          │                     │          │          │                   │                              │ denial of service                                            │
│                          │                     │          │          │                   │                              │ https://avd.aquasec.com/nvd/cve-2026-73088                   │
│                          ├─────────────────────┤          │          │                   │                              ├──────────────────────────────────────────────────────────────┤
│                          │ CVE-2026-73089      │          │          │                   │                              │ browserslist: Browserslist: Denial of Service via unbounded  │
│                          │                     │          │          │                   │                              │ memory growth from distinct query...                         │
│                          │                     │          │          │                   │                              │ https://avd.aquasec.com/nvd/cve-2026-73089                   │
├──────────────────────────┼─────────────────────┼──────────┤          ├───────────────────┼──────────────────────────────┼──────────────────────────────────────────────────────────────┤
│ dompurify                │ CVE-2026-0540       │ MEDIUM   │          │ 3.2.7             │ 3.3.2, 2.5.9                 │ DOMPurify: DOMPurify: Cross-site scripting vulnerability     │
│                          │                     │          │          │                   │                              │ https://avd.aquasec.com/nvd/cve-2026-0540                    │
│                          ├─────────────────────┤          │          │                   ├──────────────────────────────┼──────────────────────────────────────────────────────────────┤
│                          │ CVE-2026-41238      │          │          │                   │ 3.4.0                        │ DOMPurify: DOMPurify: Cross-Site Scripting bypass via        │
│                          │                     │          │          │                   │                              │ prototype pollution                                          │
│                          │                     │          │          │                   │                              │ https://avd.aquasec.com/nvd/cve-2026-41238                   │
│                          ├─────────────────────┤          │          │                   │                              ├──────────────────────────────────────────────────────────────┤
│                          │ CVE-2026-41239      │          │          │                   │                              │ DOMPurify: Vue 2: DOMPurify: Cross-site scripting due to     │
│                          │                     │          │          │                   │                              │ incomplete sanitization of template...                       │
│                          │                     │          │          │                   │                              │ https://avd.aquasec.com/nvd/cve-2026-41239                   │
│                          ├─────────────────────┤          │          │                   │                              ├──────────────────────────────────────────────────────────────┤
│                          │ CVE-2026-41240      │          │          │                   │                              │ DOMPurify: DOMPurify: Cross-Site Scripting (XSS) via         │
│                          │                     │          │          │                   │                              │ inconsistent tag sanitization                                │
│                          │                     │          │          │                   │                              │ https://avd.aquasec.com/nvd/cve-2026-41240                   │
│                          ├─────────────────────┤          │          │                   ├──────────────────────────────┼──────────────────────────────────────────────────────────────┤
│                          │ CVE-2026-49458      │          │          │                   │ 3.4.6                        │ dompurify: DOMPurify: Cross-site scripting due to improper   │
│                          │                     │          │          │                   │                              │ sanitization of DOM nodes                                    │
│                          │                     │          │          │                   │                              │ https://avd.aquasec.com/nvd/cve-2026-49458                   │
│                          ├─────────────────────┤          │          │                   │                              ├──────────────────────────────────────────────────────────────┤
│                          │ CVE-2026-49459      │          │          │                   │                              │ dompurify: DOMPurify: Cross-site scripting bypass allows     │
│                          │                     │          │          │                   │                              │ arbitrary script execution                                   │
│                          │                     │          │          │                   │                              │ https://avd.aquasec.com/nvd/cve-2026-49459                   │
│                          ├─────────────────────┤          │          │                   ├──────────────────────────────┼──────────────────────────────────────────────────────────────┤
│                          │ CVE-2026-49978      │          │          │                   │ 3.4.7                        │ dompurify: DOMPurify: Cross-site scripting vulnerability     │
│                          │                     │          │          │                   │                              │ allows code execution                                        │
│                          │                     │          │          │                   │                              │ https://avd.aquasec.com/nvd/cve-2026-49978                   │
│                          ├─────────────────────┤          │          │                   ├──────────────────────────────┼──────────────────────────────────────────────────────────────┤
│                          │ CVE-2026-65898      │          │          │                   │ 3.4.11                       │ dompurify: DOMPurify: Cross-site scripting via permanent     │
│                          │                     │          │          │                   │                              │ attribute allowlist pollution                                │
│                          │                     │          │          │                   │                              │ https://avd.aquasec.com/nvd/cve-2026-65898                   │
│                          ├─────────────────────┤          │          │                   ├──────────────────────────────┼──────────────────────────────────────────────────────────────┤
│                          │ CVE-2026-65902      │          │          │                   │ 3.4.7                        │ dompurify: DOMPurify: Sanitization bypass via hook           │
│                          │                     │          │          │                   │                              │ manipulation                                                 │
│                          │                     │          │          │                   │                              │ https://avd.aquasec.com/nvd/cve-2026-65902                   │
│                          ├─────────────────────┤          │          │                   ├──────────────────────────────┼──────────────────────────────────────────────────────────────┤
│                          │ CVE-2026-65903      │          │          │                   │ 3.4.0                        │ dompurify: DOMPurify: Security bypass allows injection of    │
│                          │                     │          │          │                   │                              │ malicious content                                            │
│                          │                     │          │          │                   │                              │ https://avd.aquasec.com/nvd/cve-2026-65903                   │
│                          ├─────────────────────┤          │          │                   ├──────────────────────────────┼──────────────────────────────────────────────────────────────┤
│                          │ CVE-2026-65912      │          │          │                   │ 3.3.2                        │ dompurify: DOMPurify: URI validation bypass leads to         │
│                          │                     │          │          │                   │                              │ cross-site scripting                                         │
│                          │                     │          │          │                   │                              │ https://avd.aquasec.com/nvd/cve-2026-65912                   │
│                          ├─────────────────────┤          │          │                   │                              ├──────────────────────────────────────────────────────────────┤
│                          │ CVE-2026-65913      │          │          │                   │                              │ dompurify: DOMPurify: Cross-Site Scripting (XSS) via         │
│                          │                     │          │          │                   │                              │ prototype pollution in USE_PROFILES mode                     │
│                          │                     │          │          │                   │                              │ https://avd.aquasec.com/nvd/cve-2026-65913                   │
│                          ├─────────────────────┤          │          │                   │                              ├──────────────────────────────────────────────────────────────┤
│                          │ CVE-2026-65914      │          │          │                   │                              │ dompurify: DOMPurify: Cross-Site Scripting vulnerability     │
│                          │                     │          │          │                   │                              │ allows arbitrary code execution                              │
│                          │                     │          │          │                   │                              │ https://avd.aquasec.com/nvd/cve-2026-65914                   │
│                          ├─────────────────────┤          │          │                   ├──────────────────────────────┼──────────────────────────────────────────────────────────────┤
│                          │ GHSA-55q2-fjhq-7xh7 │          │          │                   │ 3.4.13                       │ DOMPurify: IN_PLACE hook removal leaves a detached subtree   │
│                          │                     │          │          │                   │                              │ executable, causing XSS                                      │
│                          │                     │          │          │                   │                              │ https://github.com/advisories/GHSA-55q2-fjhq-7xh7            │
│                          ├─────────────────────┼──────────┤          │                   ├──────────────────────────────┼──────────────────────────────────────────────────────────────┤
│                          │ CVE-2026-65899      │ LOW      │          │                   │ 3.4.9                        │ dompurify: DOMPurify: Client-side arbitrary code execution   │
│                          │                     │          │          │                   │                              │ due to improper Trusted Types policy...                      │
│                          │                     │          │          │                   │                              │ https://avd.aquasec.com/nvd/cve-2026-65899                   │
│                          ├─────────────────────┤          │          │                   ├──────────────────────────────┼──────────────────────────────────────────────────────────────┤
│                          │ CVE-2026-65900      │          │          │                   │ 3.4.8                        │ dompurify: DOMPurify: Template expression injection allows   │
│                          │                     │          │          │                   │                              │ information disclosure                                       │
│                          │                     │          │          │                   │                              │ https://avd.aquasec.com/nvd/cve-2026-65900                   │
│                          ├─────────────────────┤          ├──────────┤                   ├──────────────────────────────┼──────────────────────────────────────────────────────────────┤
│                          │ CVE-2026-65901      │          │ affected │                   │                              │ dompurify: DOMPurify: Cross-site scripting vulnerability via │
│                          │                     │          │          │                   │                              │ attacker-controlled nodeName                                 │
│                          │                     │          │          │                   │                              │ https://avd.aquasec.com/nvd/cve-2026-65901                   │
│                          ├─────────────────────┤          ├──────────┤                   ├──────────────────────────────┼──────────────────────────────────────────────────────────────┤
│                          │ GHSA-c2j3-45gr-mqc4 │          │ fixed    │                   │ 3.4.12                       │ DOMPurify: `CUSTOM_ELEMENT_HANDLING` bypasses                │
│                          │                     │          │          │                   │                              │ `afterSanitizeElements` for allowed custom elements.         │
│                          │                     │          │          │                   │                              │ https://github.com/advisories/GHSA-c2j3-45gr-mqc4            │
│                          ├─────────────────────┼──────────┤          ├───────────────────┼──────────────────────────────┼──────────────────────────────────────────────────────────────┤
│                          │ CVE-2026-41238      │ MEDIUM   │          │ 3.3.2             │ 3.4.0                        │ DOMPurify: DOMPurify: Cross-Site Scripting bypass via        │
│                          │                     │          │          │                   │                              │ prototype pollution                                          │
│                          │                     │          │          │                   │                              │ https://avd.aquasec.com/nvd/cve-2026-41238                   │
│                          ├─────────────────────┤          │          │                   │                              ├──────────────────────────────────────────────────────────────┤
│                          │ CVE-2026-41239      │          │          │                   │                              │ DOMPurify: Vue 2: DOMPurify: Cross-site scripting due to     │
│                          │                     │          │          │                   │                              │ incomplete sanitization of template...                       │
│                          │                     │          │          │                   │                              │ https://avd.aquasec.com/nvd/cve-2026-41239                   │
│                          ├─────────────────────┤          │          │                   │                              ├──────────────────────────────────────────────────────────────┤
│                          │ CVE-2026-41240      │          │          │                   │                              │ DOMPurify: DOMPurify: Cross-Site Scripting (XSS) via         │
│                          │                     │          │          │                   │                              │ inconsistent tag sanitization                                │
│                          │                     │          │          │                   │                              │ https://avd.aquasec.com/nvd/cve-2026-41240                   │
│                          ├─────────────────────┤          │          │                   ├──────────────────────────────┼──────────────────────────────────────────────────────────────┤
│                          │ CVE-2026-49458      │          │          │                   │ 3.4.6                        │ dompurify: DOMPurify: Cross-site scripting due to improper   │
│                          │                     │          │          │                   │                              │ sanitization of DOM nodes                                    │
│                          │                     │          │          │                   │                              │ https://avd.aquasec.com/nvd/cve-2026-49458                   │
│                          ├─────────────────────┤          │          │                   │                              ├──────────────────────────────────────────────────────────────┤
│                          │ CVE-2026-49459      │          │          │                   │                              │ dompurify: DOMPurify: Cross-site scripting bypass allows     │
│                          │                     │          │          │                   │                              │ arbitrary script execution                                   │
│                          │                     │          │          │                   │                              │ https://avd.aquasec.com/nvd/cve-2026-49459                   │
│                          ├─────────────────────┤          │          │                   ├──────────────────────────────┼──────────────────────────────────────────────────────────────┤
│                          │ CVE-2026-49978      │          │          │                   │ 3.4.7                        │ dompurify: DOMPurify: Cross-site scripting vulnerability     │
│                          │                     │          │          │                   │                              │ allows code execution                                        │
│                          │                     │          │          │                   │                              │ https://avd.aquasec.com/nvd/cve-2026-49978                   │
│                          ├─────────────────────┤          │          │                   ├──────────────────────────────┼──────────────────────────────────────────────────────────────┤
│                          │ CVE-2026-65898      │          │          │                   │ 3.4.11                       │ dompurify: DOMPurify: Cross-site scripting via permanent     │
│                          │                     │          │          │                   │                              │ attribute allowlist pollution                                │
│                          │                     │          │          │                   │                              │ https://avd.aquasec.com/nvd/cve-2026-65898                   │
│                          ├─────────────────────┤          │          │                   ├──────────────────────────────┼──────────────────────────────────────────────────────────────┤
│                          │ CVE-2026-65902      │          │          │                   │ 3.4.7                        │ dompurify: DOMPurify: Sanitization bypass via hook           │
│                          │                     │          │          │                   │                              │ manipulation                                                 │
│                          │                     │          │          │                   │                              │ https://avd.aquasec.com/nvd/cve-2026-65902                   │
│                          ├─────────────────────┤          │          │                   ├──────────────────────────────┼──────────────────────────────────────────────────────────────┤
│                          │ CVE-2026-65903      │          │          │                   │ 3.4.0                        │ dompurify: DOMPurify: Security bypass allows injection of    │
│                          │                     │          │          │                   │                              │ malicious content                                            │
│                          │                     │          │          │                   │                              │ https://avd.aquasec.com/nvd/cve-2026-65903                   │
│                          ├─────────────────────┤          │          │                   ├──────────────────────────────┼──────────────────────────────────────────────────────────────┤
│                          │ GHSA-55q2-fjhq-7xh7 │          │          │                   │ 3.4.13                       │ DOMPurify: IN_PLACE hook removal leaves a detached subtree   │
│                          │                     │          │          │                   │                              │ executable, causing XSS                                      │
│                          │                     │          │          │                   │                              │ https://github.com/advisories/GHSA-55q2-fjhq-7xh7            │
│                          ├─────────────────────┼──────────┤          │                   ├──────────────────────────────┼──────────────────────────────────────────────────────────────┤
│                          │ CVE-2026-65899      │ LOW      │          │                   │ 3.4.9                        │ dompurify: DOMPurify: Client-side arbitrary code execution   │
│                          │                     │          │          │                   │                              │ due to improper Trusted Types policy...                      │
│                          │                     │          │          │                   │                              │ https://avd.aquasec.com/nvd/cve-2026-65899                   │
│                          ├─────────────────────┤          │          │                   ├──────────────────────────────┼──────────────────────────────────────────────────────────────┤
│                          │ CVE-2026-65900      │          │          │                   │ 3.4.8                        │ dompurify: DOMPurify: Template expression injection allows   │
│                          │                     │          │          │                   │                              │ information disclosure                                       │
│                          │                     │          │          │                   │                              │ https://avd.aquasec.com/nvd/cve-2026-65900                   │
│                          ├─────────────────────┤          ├──────────┤                   ├──────────────────────────────┼──────────────────────────────────────────────────────────────┤
│                          │ CVE-2026-65901      │          │ affected │                   │                              │ dompurify: DOMPurify: Cross-site scripting vulnerability via │
│                          │                     │          │          │                   │                              │ attacker-controlled nodeName                                 │
│                          │                     │          │          │                   │                              │ https://avd.aquasec.com/nvd/cve-2026-65901                   │
│                          ├─────────────────────┤          ├──────────┤                   ├──────────────────────────────┼──────────────────────────────────────────────────────────────┤
│                          │ GHSA-c2j3-45gr-mqc4 │          │ fixed    │                   │ 3.4.12                       │ DOMPurify: `CUSTOM_ELEMENT_HANDLING` bypasses                │
│                          │                     │          │          │                   │                              │ `afterSanitizeElements` for allowed custom elements.         │
│                          │                     │          │          │                   │                              │ https://github.com/advisories/GHSA-c2j3-45gr-mqc4            │
├──────────────────────────┼─────────────────────┼──────────┤          ├───────────────────┼──────────────────────────────┼──────────────────────────────────────────────────────────────┤
│ drizzle-orm              │ CVE-2026-39356      │ HIGH     │          │ 0.45.1            │ 0.45.2, 1.0.0-beta.20        │ Drizzle ORM has SQL injection via improperly escaped SQL     │
│                          │                     │          │          │                   │                              │ identifiers                                                  │
│                          │                     │          │          │                   │                              │ https://avd.aquasec.com/nvd/cve-2026-39356                   │
├──────────────────────────┼─────────────────────┼──────────┤          ├───────────────────┼──────────────────────────────┼──────────────────────────────────────────────────────────────┤
│ fast-xml-parser          │ CVE-2026-25896      │ CRITICAL │          │ 5.2.5             │ 5.3.5, 4.5.4                 │ fast-xml-parser: fast-xml-parser: Cross-Site Scripting (XSS) │
│                          │                     │          │          │                   │                              │ due to improper DOCTYPE entity handling                      │
│                          │                     │          │          │                   │                              │ https://avd.aquasec.com/nvd/cve-2026-25896                   │
│                          ├─────────────────────┼──────────┤          │                   ├──────────────────────────────┼──────────────────────────────────────────────────────────────┤
│                          │ CVE-2026-25128      │ HIGH     │          │                   │ 5.3.4                        │ fast-xml-parser: fast-xml-parser has RangeError DoS Numeric  │
│                          │                     │          │          │                   │                              │ Entities Bug                                                 │
│                          │                     │          │          │                   │                              │ https://avd.aquasec.com/nvd/cve-2026-25128                   │
│                          ├─────────────────────┤          │          │                   ├──────────────────────────────┼──────────────────────────────────────────────────────────────┤
│                          │ CVE-2026-26278      │          │          │                   │ 4.5.4, 5.3.6                 │ fast-xml-parser: fast-xml-parser: Denial of Service via      │
│                          │                     │          │          │                   │                              │ unlimited XML entity expansion                               │
│                          │                     │          │          │                   │                              │ https://avd.aquasec.com/nvd/cve-2026-26278                   │
│                          ├─────────────────────┤          │          │                   ├──────────────────────────────┼──────────────────────────────────────────────────────────────┤
│                          │ CVE-2026-33036      │          │          │                   │ 5.5.6, 4.5.5                 │ fast-xml-parser: fast-xml-parser: Denial of Service via XML  │
│                          │                     │          │          │                   │                              │ entity expansion bypass                                      │
│                          │                     │          │          │                   │                              │ https://avd.aquasec.com/nvd/cve-2026-33036                   │
│                          ├─────────────────────┼──────────┤          │                   ├──────────────────────────────┼──────────────────────────────────────────────────────────────┤
│                          │ CVE-2026-33349      │ MEDIUM   │          │                   │ 4.5.5, 5.5.7                 │ fast-xml-parser: fast-xml-parser: Denial of Service via      │
│                          │                     │          │          │                   │                              │ unbounded entity expansion due to incorrect...               │
│                          │                     │          │          │                   │                              │ https://avd.aquasec.com/nvd/cve-2026-33349                   │
│                          ├─────────────────────┤          │          │                   ├──────────────────────────────┼──────────────────────────────────────────────────────────────┤
│                          │ CVE-2026-41650      │          │          │                   │ 5.7.0                        │ fast-xml-parser: fast-xml-parser: XML injection via improper │
│                          │                     │          │          │                   │                              │ escaping of comment and CDATA sequences...                   │
│                          │                     │          │          │                   │                              │ https://avd.aquasec.com/nvd/cve-2026-41650                   │
│                          ├─────────────────────┼──────────┤          │                   ├──────────────────────────────┼──────────────────────────────────────────────────────────────┤
│                          │ CVE-2026-27942      │ LOW      │          │                   │ 5.3.8, 4.5.4                 │ fast-xml-parser: fast-xml-parser: Stack overflow leads to    │
│                          │                     │          │          │                   │                              │ Denial of Service                                            │
│                          │                     │          │          │                   │                              │ https://avd.aquasec.com/nvd/cve-2026-27942                   │
├──────────────────────────┼─────────────────────┤          │          ├───────────────────┼──────────────────────────────┼──────────────────────────────────────────────────────────────┤
│ icu-minify               │ GHSA-r27j-894h-3w3p │          │          │ 4.9.1             │ 4.9.2                        │ mcp-data-vis vulnerable to denial of service via unsanitized │
│                          │                     │          │          │                   │                              │ `select` key lookup on...                                    │
│                          │                     │          │          │                   │                              │ https://github.com/advisories/GHSA-r27j-894h-3w3p            │
├──────────────────────────┼─────────────────────┼──────────┤          ├───────────────────┼──────────────────────────────┼──────────────────────────────────────────────────────────────┤
│ js-yaml                  │ CVE-2026-59869      │ HIGH     │          │ 3.14.2            │ 3.15.0, 4.3.0                │ js-yaml: js-yaml: Denial of Service via crafted YAML         │
│                          │                     │          │          │                   │                              │ documents                                                    │
│                          │                     │          │          │                   │                              │ https://avd.aquasec.com/nvd/cve-2026-59869                   │
│                          ├─────────────────────┤          │          │                   ├──────────────────────────────┼──────────────────────────────────────────────────────────────┤
│                          │ CVE-2026-84375      │          │          │                   │ 4.3.2, 3.15.2                │ js-yaml: js-yaml: Denial of Service vulnerability in YAML    │
│                          │                     │          │          │                   │                              │ parsing                                                      │
│                          │                     │          │          │                   │                              │ https://avd.aquasec.com/nvd/cve-2026-84375                   │
│                          ├─────────────────────┤          │          │                   ├──────────────────────────────┼──────────────────────────────────────────────────────────────┤
│                          │ GHSA-5p4m-2wfm-xmqj │          │          │                   │ 4.3.1, 3.15.1                │ JS-YAML: Quadratic CPU consumption in !!omap resolution (3.x │
│                          │                     │          │          │                   │                              │ and 4.x) — CVE-2026-59870...                                 │
│                          │                     │          │          │                   │                              │ https://github.com/advisories/GHSA-5p4m-2wfm-xmqj            │
│                          ├─────────────────────┼──────────┤          │                   ├──────────────────────────────┼──────────────────────────────────────────────────────────────┤
│                          │ CVE-2026-53550      │ MEDIUM   │          │                   │ 4.2.0, 3.15.0                │ js-yaml: js-yaml: Denial of Service via crafted YAML merge   │
│                          │                     │          │          │                   │                              │ keys                                                         │
│                          │                     │          │          │                   │                              │ https://avd.aquasec.com/nvd/cve-2026-53550                   │
├──────────────────────────┼─────────────────────┼──────────┤          ├───────────────────┼──────────────────────────────┼──────────────────────────────────────────────────────────────┤
│ linkify-it               │ CVE-2026-48801      │ HIGH     │          │ 5.0.0             │ 5.0.1                        │ linkify-it: linkify-it: Denial of Service via algorithmic    │
│                          │                     │          │          │                   │                              │ complexity vulnerability                                     │
│                          │                     │          │          │                   │                              │ https://avd.aquasec.com/nvd/cve-2026-48801                   │
│                          ├─────────────────────┤          │          │                   ├──────────────────────────────┼──────────────────────────────────────────────────────────────┤
│                          │ CVE-2026-59887      │          │          │                   │ 5.0.2                        │ linkify-it: linkify-it: Denial of Service via crafted        │
│                          │                     │          │          │                   │                              │ mailto: links                                                │
│                          │                     │          │          │                   │                              │ https://avd.aquasec.com/nvd/cve-2026-59887                   │
├──────────────────────────┼─────────────────────┼──────────┤          ├───────────────────┼──────────────────────────────┼──────────────────────────────────────────────────────────────┤
│ markdown-it              │ CVE-2026-2327       │ MEDIUM   │          │ 14.1.0            │ 14.1.1                       │ markdown-it: markdown-it: Denial of Service via Regular      │
│                          │                     │          │          │                   │                              │ Expression Denial of Service in...                           │
│                          │                     │          │          │                   │                              │ https://avd.aquasec.com/nvd/cve-2026-2327                    │
│                          ├─────────────────────┤          │          │                   ├──────────────────────────────┼──────────────────────────────────────────────────────────────┤
│                          │ CVE-2026-48988      │          │          │                   │ 14.2.0                       │ markdown-it: markdown-it: Denial of Service via quadratic    │
│                          │                     │          │          │                   │                              │ processing of smartquotes with typographer...                │
│                          │                     │          │          │                   │                              │ https://avd.aquasec.com/nvd/cve-2026-48988                   │
├──────────────────────────┼─────────────────────┼──────────┤          ├───────────────────┼──────────────────────────────┼──────────────────────────────────────────────────────────────┤
│ nanoid                   │ CVE-2026-67213      │ HIGH     │          │ 3.3.11            │ 3.3.18, 5.1.6                │ nanoid: nanoid: Denial of Service via infinite loop in       │
│                          │                     │          │          │                   │                              │ random ID generation...                                      │
│                          │                     │          │          │                   │                              │ https://avd.aquasec.com/nvd/cve-2026-67213                   │
│                          ├─────────────────────┤          │          │                   ├──────────────────────────────┼──────────────────────────────────────────────────────────────┤
│                          │ CVE-2026-67214      │          │          │                   │ 3.3.16, 5.1.16               │ nanoid: nanoid: Denial of Service via negative size input in │
│                          │                     │          │          │                   │                              │ non-secure module...                                         │
│                          │                     │          │          │                   │                              │ https://avd.aquasec.com/nvd/cve-2026-67214                   │
│                          ├─────────────────────┤          │          │                   ├──────────────────────────────┼──────────────────────────────────────────────────────────────┤
│                          │ CVE-2026-73086      │          │          │                   │ 3.3.12, 5.1.11               │ nanoid: nanoid: Predictable ID generation due to integer     │
│                          │                     │          │          │                   │                              │ overflow                                                     │
│                          │                     │          │          │                   │                              │ https://avd.aquasec.com/nvd/cve-2026-73086                   │
│                          ├─────────────────────┤          │          ├───────────────────┼──────────────────────────────┼──────────────────────────────────────────────────────────────┤
│                          │ CVE-2026-67214      │          │          │ 5.1.6             │ 3.3.16, 5.1.16               │ nanoid: nanoid: Denial of Service via negative size input in │
│                          │                     │          │          │                   │                              │ non-secure module...                                         │
│                          │                     │          │          │                   │                              │ https://avd.aquasec.com/nvd/cve-2026-67214                   │
│                          ├─────────────────────┤          │          │                   ├──────────────────────────────┼──────────────────────────────────────────────────────────────┤
│                          │ CVE-2026-73086      │          │          │                   │ 3.3.12, 5.1.11               │ nanoid: nanoid: Predictable ID generation due to integer     │
│                          │                     │          │          │                   │                              │ overflow                                                     │
│                          │                     │          │          │                   │                              │ https://avd.aquasec.com/nvd/cve-2026-73086                   │
├──────────────────────────┼─────────────────────┼──────────┤          ├───────────────────┼──────────────────────────────┼──────────────────────────────────────────────────────────────┤
│ next                     │ CVE-2026-75604      │ CRITICAL │          │ 16.2.4            │ 15.5.24, 16.3.3              │ Next.js: Unauthenticated Remote Code Execution on            │
│                          │                     │          │          │                   │                              │ windows-hosted servers                                       │
│                          │                     │          │          │                   │                              │ https://avd.aquasec.com/nvd/cve-2026-75604                   │
│                          ├─────────────────────┤          │          │                   │                              ├──────────────────────────────────────────────────────────────┤
│                          │ GHSA-2xp9-vwfh-vxw4 │          │          │                   │                              │ Next.js: Unauthenticated Remote Code Execution in Image      │
│                          │                     │          │          │                   │                              │ Optimization API when AVIF files...                          │
│                          │                     │          │          │                   │                              │ https://github.com/advisories/GHSA-2xp9-vwfh-vxw4            │
│                          ├─────────────────────┼──────────┤          │                   ├──────────────────────────────┼──────────────────────────────────────────────────────────────┤
│                          │ CVE-2026-44573      │ HIGH     │          │                   │ 15.5.16, 16.2.5              │ next.js: Next.js: Information disclosure due to middleware   │
│                          │                     │          │          │                   │                              │ bypass in Pages Router with...                               │
│                          │                     │          │          │                   │                              │ https://avd.aquasec.com/nvd/cve-2026-44573                   │
│                          ├─────────────────────┤          │          │                   │                              ├──────────────────────────────────────────────────────────────┤
│                          │ CVE-2026-44574      │          │          │                   │                              │ Next.js: Next.js: Authorization bypass via crafted query     │
│                          │                     │          │          │                   │                              │ parameters                                                   │
│                          │                     │          │          │                   │                              │ https://avd.aquasec.com/nvd/cve-2026-44574                   │
│                          ├─────────────────────┤          │          │                   │                              ├──────────────────────────────────────────────────────────────┤
│                          │ CVE-2026-44575      │          │          │                   │                              │ next.js: Next.js: Unauthorized access to protected content   │
│                          │                     │          │          │                   │                              │ via middleware bypass                                        │
│                          │                     │          │          │                   │                              │ https://avd.aquasec.com/nvd/cve-2026-44575                   │
│                          ├─────────────────────┤          │          │                   │                              ├──────────────────────────────────────────────────────────────┤
│                          │ CVE-2026-44578      │          │          │                   │                              │ Next.js: Next.js: Server-Side Request Forgery via crafted    │
│                          │                     │          │          │                   │                              │ WebSocket upgrade requests                                   │
│                          │                     │          │          │                   │                              │ https://avd.aquasec.com/nvd/cve-2026-44578                   │
│                          ├─────────────────────┤          │          │                   │                              ├──────────────────────────────────────────────────────────────┤
│                          │ CVE-2026-44579      │          │          │                   │                              │ next.js: Next.js: Denial of Service via crafted POST         │
│                          │                     │          │          │                   │                              │ requests to server actions...                                │
│                          │                     │          │          │                   │                              │ https://avd.aquasec.com/nvd/cve-2026-44579                   │
│                          ├─────────────────────┤          │          │                   ├──────────────────────────────┼──────────────────────────────────────────────────────────────┤
│                          │ CVE-2026-45109      │          │          │                   │ 15.5.18, 16.2.6              │ next.js: Next.js: Information disclosure via security fix    │
│                          │                     │          │          │                   │                              │ bypass in middleware with Turbopack...                       │
│                          │                     │          │          │                   │                              │ https://avd.aquasec.com/nvd/cve-2026-45109                   │
│                          ├─────────────────────┤          │          │                   ├──────────────────────────────┼──────────────────────────────────────────────────────────────┤
│                          │ CVE-2026-64641      │          │          │                   │ 15.5.21, 16.2.11             │ next: Next.js: Denial of Service via crafted requests to App │
│                          │                     │          │          │                   │                              │ Router with...                                               │
│                          │                     │          │          │                   │                              │ https://avd.aquasec.com/nvd/cve-2026-64641                   │
│                          ├─────────────────────┤          │          │                   ├──────────────────────────────┼──────────────────────────────────────────────────────────────┤
│                          │ CVE-2026-64642      │          │          │                   │ 16.2.11                      │ next: Next.js: Authentication bypass leading to unauthorized │
│                          │                     │          │          │                   │                              │ access                                                       │
│                          │                     │          │          │                   │                              │ https://avd.aquasec.com/nvd/cve-2026-64642                   │
│                          ├─────────────────────┤          │          │                   ├──────────────────────────────┼──────────────────────────────────────────────────────────────┤
│                          │ CVE-2026-64645      │          │          │                   │ 15.5.21, 16.2.11             │ next: Next.js: Server-Side Request Forgery vulnerability     │
│                          │                     │          │          │                   │                              │ https://avd.aquasec.com/nvd/cve-2026-64645                   │
│                          ├─────────────────────┤          │          │                   │                              ├──────────────────────────────────────────────────────────────┤
│                          │ CVE-2026-64649      │          │          │                   │                              │ next: Next.js: Server-Side Request Forgery via malicious     │
│                          │                     │          │          │                   │                              │ host redirection in Server Actions...                        │
│                          │                     │          │          │                   │                              │ https://avd.aquasec.com/nvd/cve-2026-64649                   │
│                          ├─────────────────────┤          │          │                   ├──────────────────────────────┼──────────────────────────────────────────────────────────────┤
│                          │ GHSA-8h8q-6873-q5fj │          │          │                   │ 15.5.16, 16.2.5              │ Next.js Vulnerable to Denial of Service with Server          │
│                          │                     │          │          │                   │                              │ Components                                                   │
│                          │                     │          │          │                   │                              │ https://github.com/advisories/GHSA-8h8q-6873-q5fj            │
│                          ├─────────────────────┼──────────┤          │                   │                              ├──────────────────────────────────────────────────────────────┤
│                          │ CVE-2026-44576      │ MEDIUM   │          │                   │                              │ Next.js: Next.js: Cache poisoning vulnerability in React     │
│                          │                     │          │          │                   │                              │ Server Components                                            │
│                          │                     │          │          │                   │                              │ https://avd.aquasec.com/nvd/cve-2026-44576                   │
│                          ├─────────────────────┤          │          │                   │                              ├──────────────────────────────────────────────────────────────┤
│                          │ CVE-2026-44577      │          │          │                   │                              │ Next.js: Next.js: Denial of Service via Image Optimization   │
│                          │                     │          │          │                   │                              │ API                                                          │
│                          │                     │          │          │                   │                              │ https://avd.aquasec.com/nvd/cve-2026-44577                   │
│                          ├─────────────────────┤          │          │                   │                              ├──────────────────────────────────────────────────────────────┤
│                          │ CVE-2026-44580      │          │          │                   │                              │ next.js: Next.js: Cross-site scripting allows arbitrary code │
│                          │                     │          │          │                   │                              │ execution via untrusted script content...                    │
│                          │                     │          │          │                   │                              │ https://avd.aquasec.com/nvd/cve-2026-44580                   │
│                          ├─────────────────────┤          │          │                   │                              ├──────────────────────────────────────────────────────────────┤
│                          │ CVE-2026-44581      │          │          │                   │                              │ next.js: Next.js: Stored Cross-Site Scripting via malformed  │
│                          │                     │          │          │                   │                              │ nonce values in cached responses...                          │
│                          │                     │          │          │                   │                              │ https://avd.aquasec.com/nvd/cve-2026-44581                   │
│                          ├─────────────────────┤          │          │                   ├──────────────────────────────┼──────────────────────────────────────────────────────────────┤
│                          │ CVE-2026-64643      │          │          │                   │ 15.5.21, 16.2.11             │ next: Next.js: Information disclosure via Server Action ID   │
│                          │                     │          │          │                   │                              │ exposure                                                     │
│                          │                     │          │          │                   │                              │ https://avd.aquasec.com/nvd/cve-2026-64643                   │
│                          ├─────────────────────┤          │          │                   │                              ├──────────────────────────────────────────────────────────────┤
│                          │ CVE-2026-64644      │          │          │                   │                              │ next: Next.js: Denial of Service via malicious image         │
│                          │                     │          │          │                   │                              │ optimization                                                 │
│                          │                     │          │          │                   │                              │ https://avd.aquasec.com/nvd/cve-2026-64644                   │
│                          ├─────────────────────┤          │          │                   │                              ├──────────────────────────────────────────────────────────────┤
│                          │ CVE-2026-64646      │          │          │                   │                              │ next: Next.js: Denial of Service via excessive memory        │
│                          │                     │          │          │                   │                              │ consumption in Server Actions...                             │
│                          │                     │          │          │                   │                              │ https://avd.aquasec.com/nvd/cve-2026-64646                   │
│                          ├─────────────────────┤          │          │                   │                              ├──────────────────────────────────────────────────────────────┤
│                          │ CVE-2026-64647      │          │          │                   │                              │ next: Next.js: Information disclosure via server-side        │
│                          │                     │          │          │                   │                              │ request caching                                              │
│                          │                     │          │          │                   │                              │ https://avd.aquasec.com/nvd/cve-2026-64647                   │
│                          ├─────────────────────┤          │          │                   │                              ├──────────────────────────────────────────────────────────────┤
│                          │ CVE-2026-64648      │          │          │                   │                              │ next: Next.js: Information disclosure via server-side fetch  │
│                          │                     │          │          │                   │                              │ cache                                                        │
│                          │                     │          │          │                   │                              │ https://avd.aquasec.com/nvd/cve-2026-64648                   │
│                          ├─────────────────────┼──────────┤          │                   ├──────────────────────────────┼──────────────────────────────────────────────────────────────┤
│                          │ CVE-2026-44572      │ LOW      │          │                   │ 15.5.16, 16.2.5              │ next.js: Next.js: Denial of Service due to improper handling │
│                          │                     │          │          │                   │                              │ of x-nextjs-data header...                                   │
│                          │                     │          │          │                   │                              │ https://avd.aquasec.com/nvd/cve-2026-44572                   │
│                          ├─────────────────────┤          │          │                   │                              ├──────────────────────────────────────────────────────────────┤
│                          │ CVE-2026-44582      │          │          │                   │                              │ Next.js: Next.js: Cache poisoning allows incorrect response  │
│                          │                     │          │          │                   │                              │ delivery                                                     │
│                          │                     │          │          │                   │                              │ https://avd.aquasec.com/nvd/cve-2026-44582                   │
├──────────────────────────┼─────────────────────┼──────────┤          ├───────────────────┼──────────────────────────────┼──────────────────────────────────────────────────────────────┤
│ next-auth                │ CVE-2026-73420      │ CRITICAL │          │ 5.0.0-beta.30     │ 4.24.15, 5.0.0-beta.32       │ Auth.js: Email normalizer validates the address before       │
│                          │                     │          │          │                   │                              │ Unicode normalization, allowing a homoglyph...               │
│                          │                     │          │          │                   │                              │ https://avd.aquasec.com/nvd/cve-2026-73420                   │
│                          ├─────────────────────┤          │          │                   ├──────────────────────────────┼──────────────────────────────────────────────────────────────┤
│                          │ CVE-2026-73421      │          │          │                   │ 5.0.0-beta.32                │ Auth.js: Configuration errors can cause existence-based auth │
│                          │                     │          │          │                   │                              │ checks to fail open (auth...                                 │
│                          │                     │          │          │                   │                              │ https://avd.aquasec.com/nvd/cve-2026-73421                   │
│                          ├─────────────────────┼──────────┤          │                   ├──────────────────────────────┼──────────────────────────────────────────────────────────────┤
│                          │ CVE-2026-73418      │ HIGH     │          │                   │ 5.0.0-beta.32, 4.24.15       │ Auth.js: getToken() throws an uncaught exception on          │
│                          │                     │          │          │                   │                              │ malformed Bearer authorization headers                       │
│                          │                     │          │          │                   │                              │ https://avd.aquasec.com/nvd/cve-2026-73418                   │
│                          ├─────────────────────┼──────────┤          │                   │                              ├──────────────────────────────────────────────────────────────┤
│                          │ CVE-2026-73419      │ MEDIUM   │          │                   │                              │ Auth.js: OAuth state, nonce, and PKCE check cookies are not  │
│                          │                     │          │          │                   │                              │ bound to...                                                  │
│                          │                     │          │          │                   │                              │ https://avd.aquasec.com/nvd/cve-2026-73419                   │
├──────────────────────────┼─────────────────────┤          │          ├───────────────────┼──────────────────────────────┼──────────────────────────────────────────────────────────────┤
│ next-intl                │ GHSA-4c35-wcg5-mm9h │          │          │ 4.9.1             │ 4.9.2                        │ next-intl has prototype pollution with                       │
│                          │                     │          │          │                   │                              │ `experimental.messages.precompile` via attacker-controlled   │
│                          │                     │          │          │                   │                              │ translation catalog keys                                     │
│                          │                     │          │          │                   │                              │ https://github.com/advisories/GHSA-4c35-wcg5-mm9h            │
├──────────────────────────┼─────────────────────┼──────────┤          ├───────────────────┼──────────────────────────────┼──────────────────────────────────────────────────────────────┤
│ picomatch                │ CVE-2026-33671      │ HIGH     │          │ 4.0.3             │ 4.0.4, 3.0.2, 2.3.2          │ picomatch: Picomatch: Regular Expression Denial of Service   │
│                          │                     │          │          │                   │                              │ via crafted extglob patterns                                 │
│                          │                     │          │          │                   │                              │ https://avd.aquasec.com/nvd/cve-2026-33671                   │
│                          ├─────────────────────┼──────────┤          │                   │                              ├──────────────────────────────────────────────────────────────┤
│                          │ CVE-2026-33672      │ MEDIUM   │          │                   │                              │ picomatch: Picomatch: Data integrity compromised via method  │
│                          │                     │          │          │                   │                              │ injection with crafted POSIX bracket...                      │
│                          │                     │          │          │                   │                              │ https://avd.aquasec.com/nvd/cve-2026-33672                   │
├──────────────────────────┼─────────────────────┼──────────┤          ├───────────────────┼──────────────────────────────┼──────────────────────────────────────────────────────────────┤
│ postcss                  │ CVE-2026-45623      │ HIGH     │          │ 8.4.31            │ 8.5.12                       │ postcss: PostCSS: Information disclosure and denial of       │
│                          │                     │          │          │                   │                              │ service via crafted CSS input...                             │
│                          │                     │          │          │                   │                              │ https://avd.aquasec.com/nvd/cve-2026-45623                   │
│                          ├─────────────────────┤          │          │                   ├──────────────────────────────┼──────────────────────────────────────────────────────────────┤
│                          │ CVE-2026-73646      │          │          │                   │ 8.5.18                       │ postcss: PostCSS: Information disclosure via path traversal  │
│                          │                     │          │          │                   │                              │ in source map auto-loading                                   │
│                          │                     │          │          │                   │                              │ https://avd.aquasec.com/nvd/cve-2026-73646                   │
│                          ├─────────────────────┼──────────┤          │                   ├──────────────────────────────┼──────────────────────────────────────────────────────────────┤
│                          │ CVE-2026-41305      │ MEDIUM   │          │                   │ 8.5.10                       │ postcss: PostCSS: Cross-Site Scripting (XSS) via improper    │
│                          │                     │          │          │                   │                              │ escaping of style closing tags...                            │
│                          │                     │          │          │                   │                              │ https://avd.aquasec.com/nvd/cve-2026-41305                   │
│                          ├─────────────────────┤          │          │                   ├──────────────────────────────┼──────────────────────────────────────────────────────────────┤
│                          │ CVE-2026-69153      │          │          │                   │ 8.5.23                       │ postcss: PostCSS: Information disclosure via crafted         │
│                          │                     │          │          │                   │                              │ sourceMappingURL                                             │
│                          │                     │          │          │                   │                              │ https://avd.aquasec.com/nvd/cve-2026-69153                   │
│                          ├─────────────────────┼──────────┤          ├───────────────────┼──────────────────────────────┼──────────────────────────────────────────────────────────────┤
│                          │ CVE-2026-45623      │ HIGH     │          │ 8.5.6             │ 8.5.12                       │ postcss: PostCSS: Information disclosure and denial of       │
│                          │                     │          │          │                   │                              │ service via crafted CSS input...                             │
│                          │                     │          │          │                   │                              │ https://avd.aquasec.com/nvd/cve-2026-45623                   │
│                          ├─────────────────────┤          │          │                   ├──────────────────────────────┼──────────────────────────────────────────────────────────────┤
│                          │ CVE-2026-73646      │          │          │                   │ 8.5.18                       │ postcss: PostCSS: Information disclosure via path traversal  │
│                          │                     │          │          │                   │                              │ in source map auto-loading                                   │
│                          │                     │          │          │                   │                              │ https://avd.aquasec.com/nvd/cve-2026-73646                   │
│                          ├─────────────────────┼──────────┤          │                   ├──────────────────────────────┼──────────────────────────────────────────────────────────────┤
│                          │ CVE-2026-41305      │ MEDIUM   │          │                   │ 8.5.10                       │ postcss: PostCSS: Cross-Site Scripting (XSS) via improper    │
│                          │                     │          │          │                   │                              │ escaping of style closing tags...                            │
│                          │                     │          │          │                   │                              │ https://avd.aquasec.com/nvd/cve-2026-41305                   │
│                          ├─────────────────────┤          │          │                   ├──────────────────────────────┼──────────────────────────────────────────────────────────────┤
│                          │ CVE-2026-69153      │          │          │                   │ 8.5.23                       │ postcss: PostCSS: Information disclosure via crafted         │
│                          │                     │          │          │                   │                              │ sourceMappingURL                                             │
│                          │                     │          │          │                   │                              │ https://avd.aquasec.com/nvd/cve-2026-69153                   │
├──────────────────────────┼─────────────────────┼──────────┤          ├───────────────────┼──────────────────────────────┼──────────────────────────────────────────────────────────────┤
│ sharp                    │ GHSA-f88m-g3jw-g9cj │ HIGH     │          │ 0.34.5            │ 0.35.0                       │ sharp inherited vulnerabilities in libvips: CVE-2026-33327,  │
│                          │                     │          │          │                   │                              │ CVE-2026-33328, CVE-2026-35590, CVE-2026-35591               │
│                          │                     │          │          │                   │                              │ https://github.com/advisories/GHSA-f88m-g3jw-g9cj            │
│                          ├─────────────────────┤          │          │                   ├──────────────────────────────┼──────────────────────────────────────────────────────────────┤
│                          │ GHSA-rgj7-g3m4-5g8c │          │          │                   │ 0.35.4                       │ sharp: Vulnerabilities in libheif: GHSA-g89c-p67h-r497 and   │
│                          │                     │          │          │                   │                              │ GHSA-2jg2-4ch7-h545                                          │
│                          │                     │          │          │                   │                              │ https://github.com/advisories/GHSA-rgj7-g3m4-5g8c            │
├──────────────────────────┼─────────────────────┼──────────┤          ├───────────────────┼──────────────────────────────┼──────────────────────────────────────────────────────────────┤
│ uuid                     │ CVE-2026-41907      │ MEDIUM   │          │ 13.0.0            │ 11.1.1, 12.0.1, 13.0.1       │ uuid: uuid: Out-of-bounds write vulnerability impacts data   │
│                          │                     │          │          │                   │                              │ integrity and confidentiality                                │
│                          │                     │          │          │                   │                              │ https://avd.aquasec.com/nvd/cve-2026-41907                   │
├──────────────────────────┼─────────────────────┼──────────┤          ├───────────────────┼──────────────────────────────┼──────────────────────────────────────────────────────────────┤
│ ws                       │ CVE-2026-48779      │ HIGH     │          │ 8.19.0            │ 5.2.5, 6.2.4, 7.5.11, 8.21.0 │ ws: ws: Denial of Service via memory exhaustion from small   │
│                          │                     │          │          │                   │                              │ WebSocket fragments...                                       │
│                          │                     │          │          │                   │                              │ https://avd.aquasec.com/nvd/cve-2026-48779                   │
│                          ├─────────────────────┼──────────┤          │                   ├──────────────────────────────┼──────────────────────────────────────────────────────────────┤
│                          │ CVE-2026-45736      │ MEDIUM   │          │                   │ 8.20.1                       │ ws: ws: Uninitialized memory disclosure via                  │
│                          │                     │          │          │                   │                              │ `websocket.close()` with `TypedArray`                        │
│                          │                     │          │          │                   │                              │ https://avd.aquasec.com/nvd/cve-2026-45736                   │
├──────────────────────────┼─────────────────────┤          │          ├───────────────────┼──────────────────────────────┼──────────────────────────────────────────────────────────────┤
│ yaml                     │ CVE-2026-33532      │          │          │ 1.10.2            │ 2.8.3, 1.10.3                │ yaml: yaml: Denial of Service via deeply nested YAML         │
│                          │                     │          │          │                   │                              │ document parsing                                             │
│                          │                     │          │          │                   │                              │ https://avd.aquasec.com/nvd/cve-2026-33532                   │
└──────────────────────────┴─────────────────────┴──────────┴──────────┴───────────────────┴──────────────────────────────┴──────────────────────────────────────────────────────────────┘

📣 [34mNotices:[0m
  - Version 0.74.0 of Trivy is now available, current version is 0.63.0

To suppress version checks, run Trivy scans with the --skip-version-check flag


::endgroup::
::group::[32m✅ Linted [REPOSITORY] files with [trivy-sbom] successfully - (8.42s)[0m (expand for details)
- Using [trivy-sbom v0.63.0] https://megalinter.io/8.8.0/descriptors/repository_trivy_sbom
- MegaLinter key: [REPOSITORY_TRIVY_SBOM]
- Rules config: identified by [trivy-sbom]
- Command: [trivy fs --format cyclonedx .]
::endgroup::
::group::[32m✅ Linted [REPOSITORY] files with [trufflehog] successfully - (2.48s)[0m (expand for details)
- Using [trufflehog v3.89.1] https://megalinter.io/8.8.0/descriptors/repository_trufflehog
- MegaLinter key: [REPOSITORY_TRUFFLEHOG]
- Rules config: identified by [trufflehog]
- Command: [trufflehog filesystem . --fail --only-verified --no-update --exclude-paths=/action/lib/.automation/.trufflehogignore]
::endgroup::
[GitHub Comment Reporter] Posted summary as comment on Create-Node-App/nextjs-saas-ai-template #PR32
[Updated Sources Reporter] copied 2 fixed source files in folder /github/workspace/megalinter-reports/updated_sources.

+----SUMMARY------+--------------------------+---------------+-------+-------+--------+----------+--------------+
| Descriptor      | Linter                   | Mode          | Files | Fixed | Errors | Warnings | Elapsed time |
+-----------------+--------------------------+---------------+-------+-------+--------+----------+--------------+
| ✅ COPYPASTE    | jscpd                    | project       |   n/a |       |      0 |        0 | 11.77s       |
| ✅ EDITORCONFIG | editorconfig-checker     | list_of_files |     6 |       |      0 |        0 | 0.29s        |
| ✅ JSON         | jsonlint                 | list_of_files |     3 |       |      0 |        0 | 0.19s        |
| ✅ JSON         | npm-package-json-lint    | project       |   n/a |       |      0 |        0 | 0.4s         |
| ✅ JSON         | prettier                 | list_of_files |     3 |     1 |      0 |        0 | 0.36s        |
| ✅ JSON         | v8r                      | list_of_files |     3 |       |      0 |        0 | 8.65s        |
| ⚠️ MARKDOWN     | markdownlint             | list_of_files |     1 |     0 |      2 |        0 | 0.84s        |
| ✅ MARKDOWN     | markdown-link-check      | list_of_files |     1 |       |      0 |        0 | 2.86s        |
| ✅ MARKDOWN     | markdown-table-formatter | list_of_files |     1 |     1 |      0 |        0 | 0.5s         |
| ✅ REPOSITORY   | checkov                  | project       |   n/a |       |      0 |        0 | 19.21s       |
| ✅ REPOSITORY   | gitleaks                 | project       |   n/a |       |      0 |        0 | 0.87s        |
| ✅ REPOSITORY   | git_diff                 | project       |   n/a |       |      0 |        0 | 0.02s        |
| ⚠️ REPOSITORY   | grype                    | project       |   n/a |       |      1 |        0 | 17.44s       |
| ✅ REPOSITORY   | secretlint               | project       |   n/a |       |      0 |        0 | 1.46s        |
| ✅ REPOSITORY   | syft                     | project       |   n/a |       |      0 |        0 | 4.84s        |
| ⚠️ REPOSITORY   | trivy                    | project       |   n/a |       |      1 |        0 | 7.69s        |
| ✅ REPOSITORY   | trivy-sbom               | project       |   n/a |       |      0 |        0 | 8.42s        |
| ✅ REPOSITORY   | trufflehog               | project       |   n/a |       |      0 |        0 | 2.48s        |
| ✅ SPELL        | cspell                   | list_of_files |     7 |       |      0 |        0 | 3.44s        |
| ✅ SPELL        | lychee                   | list_of_files |     4 |       |      0 |        0 | 0.7s         |
+-----------------+--------------------------+---------------+-------+-------+--------+----------+--------------+

[33m⚠️ Successfully linted all files, but with ignored errors[0m
